d;Country;Area;ID;name;Name1;Name2;Name3;First case reported;Total;Confirmed cases;Neuro-invasive infections;Non neuro-invasive;Asymtomatic (blood donors)
51;?Bulgaria;?Burgas oblast;BG341;BG341 - Burgas;;;NA;?05/12/2012;?2;?2;;;
243;Austria;Wien city;AT130;AT130 - Wien;;;NA;19/08/2014;1;1;;;
305;Austria;Wien city;AT130;AT130 - Wien;;;NA;10/08/2015;2;2;;1;1
306;Austria;Wiener Umland/Nordteil district;AT126;AT126 - Wiener Umland/Nordteil;;;NA;07/09/2015;1;1;1;;
307;Austria;N/A;NA;NA;;;NA;03/09/2015;4;4;;3;1
369;Austria;Wien;AT130;AT130 - Wien;;;NA;22/08/2016;2;2;;2;1
370;Austria;Nordburgenland;AT112;AT112 - Nordburgenland;;;NA;12/12/2016;1;1;;;
371;Austria;Wiener Umland/Nordteil;AT126;AT126 - Wiener Umland/Nordteil;;;NA;22/08/2016;2;2;;;
456;Austria;Wiener Umland/Nordteil;AT126;AT126 - Wiener Umland/Nordteil;;;NA;21/08/2017;3;3;;3;
457;Austria;Wiener Umland/Südteil;AT127;AT127 - Wiener Umland/Südteil;;;NA;21/08/2017;2;2;;;2
308;Bulgaria;Sofia;BG412;BG412 - Sofia;;;NA;05/10/2015;1;0;;1;
309;Bulgaria;Sofia (stolitsa);BG411;BG411 - Sofia (stolitsa);;;NA;22/06/2015;1;0;;1;
372;Bulgaria;N/A;NA;NA;;;NA;17/10/2016;1;;1;;
458;Bulgaria;Silistra;BG325;BG325 - Silistra;;;NA;09/10/2017;1;;1;;
97;Croatia;Brodsko-posavska county;HR04A;;;;;17/09/2012;1;0;;;
98;Croatia;Osjecko-baranjska county;HR04B;;;;;10/09/2012;3;2;;;
99;Croatia;Vukovarsko-srijemska county;HR04C;;;;;10/09/2012;1;1;;;
145;Croatia;Medimurska county;HR046;;;;;12/09/2013;1;0;;;
146;Croatia;Zagreb;HR041;;;;;20/09/2013;7;0;;;
147;Croatia;Zagrebacka county;HR042;;;;;23/08/2013;8;1;;;
374;Croatia;Vukovarsko-srijemska zupanija;HR04C;;;;;29/08/2016;1;;;;
459;Croatia;Grad Zagreb;HR041;;;;;09/10/2017;2;2;2;;
460;Croatia;Sisa?ko-moslava?ka županija;HR04E;;;;;09/10/2017;1;1;1;;
461;Croatia;Osje?ko-baranjska županija;HR04B;;;;;09/10/2017;1;1;1;;
462;Croatia;Me?imurska županija;HR046;;;;;09/10/2017;1;1;1;;
375;Cyprus;Kypros/Kibris;CY000;CY000 - Kypros;;;;22/08/2016;1;1;;;
148;Czech republic;Moravskoslezsky kraj;CZ080;CZ080 - Moravskoslezský kraj;;;;15/09/2013;1;1;;;
429;Eqypt;N/A;NA;NA;;;;27/10/2016;1;1;;;
31;Former Yugoslav Republic of Macedonia;Skopje region;MK008;;;;;13/09/2011;4;-;;;
100;Former Yugoslav Republic of Macedonia;Krusevo municipality;MK005;;;;;24/09/2012;1;1;;;
101;Former Yugoslav Republic of Macedonia;Lipkovo municipality;MK007;;;;;24/09/2012;1;0;;;
102;Former Yugoslav Republic of Macedonia;Skopje region;MK008;;;;;25/09/2012;3;0;;;
103;Former Yugoslav Republic of Macedonia;Struga municipality;MK003;;;;;25/09/2012;1;0;;;
310;France;Gard;FRJ12;FR812 - Gard;;;;05/10/2015;1;1;;1;
463;France;Alpes-Maritimes;FRL03;FR823 - Alpes-Maritimes;;;;23/10/2017;1;1;;1;
1;Greece;Achaia;EL632;;;;;04/09/2017;3;0;;;
2;Greece;Achaia prefecture;EL632;;;;;08/08/2012;5;2;;;
3;Greece;Aitoloakarnania prefecture;EL631;;;;;07/10/2011;1;1;;;
4;Greece;Aitoloakarnania prefecture;EL631;;;;;14/08/2012;3;1;;;
5;Greece;Argolida, Arkadia;EL651;;;;;24/07/2017;40;8;;;
6;Greece;Arta prefecture;EL541;;;;;26/09/2012;1;0;;;
7;Greece;Attiki prefecture;EL30;;;;;03/08/2011;30;18;;;
8;Greece;Attiki prefecture;EL30;;;;;07/07/2012;45;26;;;
9;Greece;Attiki prefecture;EL30;;;;;16/07/2013;35;18;;;
10;Greece;Attiki prefecture;EL30;;;;;12/08/2014;2;2;;;
11;Greece;Chalkidiki prefecture;EL527;;;;;01/09/2011;2;1;;;
12;Greece;Chalkidiki prefecture;EL527;;;;;23/08/2012;4;1;;;
13;Greece;Drama prefecture;EL514;;;;;13/09/2012;7;1;;;
14;Greece;Evvoia prefecture;EL642;;;;;01/09/2011;1;0;;;
15;Greece;Evvoia prefecture;EL642;;;;;20/07/2012;1;1;;;
52;Greece;Ileia;EL633;;;;;18/09/2017;1;0;;;
53;Greece;Ileia prefecture;EL633;;;;;28/08/2013;1;1;;;
54;Greece;Ileia prefecture;EL633;;;;;19/08/2014;2;0;;;
55;Greece;Imathia prefecture;EL521;;;;;03/08/2011;6;3;;;
56;Greece;Imathia prefecture;EL521;;;;;01/08/2012;3;2;;;
57;Greece;Imathia prefecture;EL521;;;;;07/08/2013;3;0;;;
58;Greece;Karditsa prefecture;EL611;;;;;27/07/2011;9;4;;;
59;Greece;Kavala prefecture;EL515;;;;;14/08/2012;25;1;;;
60;Greece;Kavala prefecture;EL515;;;;;14/08/2013;11;6;;;
61;Greece;Kerkyra prefecture;EL622;;;;;10/10/2012;1;0;;;
62;Greece;Kerkyra prefecture;EL622;;;;;28/08/2013;1;1;;;
63;Greece;Korinthia;EL652;;;;;18/09/2017;3;1;;;
64;Greece;Kosani prefecture;NA;NA;;;NA;31/08/2011;1;0;;;
65;Greece;Kyklades prefecture;EL422;;;;;21/09/2011;1;0;;;
66;Greece;Larisa prefecture;EL612;;;;;29/07/2011;15;8;;;
67;Greece;Lefkada prefecture;EL624;;;;;06/09/2012;3;1;;;
149;Greece;Magnisia prefecture;EL613;;;;;11/08/2011;1;0;;;
150;Greece;N/A;NA;NA;;;;27/07/2012;4;3;;;
151;Greece;N/A;NA;NA;;;;18/09/2013;1;1;;;
152;Greece;Pella prefecture;EL524;;;;;26/08/2011;8;2;;;
153;Greece;Pella prefecture;EL524;;;;;29/08/2012;4;0;;;
154;Greece;Pella prefecture;EL524;;;;;11/09/2013;4;1;;;
155;Greece;Rethymni;EL433;;;;;04/09/2017;1;1;;;
156;Greece;Rodopi prefecture;EL513;;;;;28/08/2014;8;8;;;
157;Greece;Samos prefecture;EL412;;;;;27/07/2012;2;1;;;
158;Greece;Serres prefecture;EL526;;;;;08/08/2011;5;5;;;
244;Greece;Serres prefecture;EL526;;;;;28/08/2013;8;7;;;
245;Greece;Thessaloniki prefecture;EL522;;;;;29/07/2011;10;2;;;
246;Greece;Thessaloniki prefecture;EL522;;;;;27/07/2012;9;3;;;
247;Greece;Thessaloniki prefecture;EL522;;;;;19/07/2013;6;5;;;
464;Greece;Trikala prefecture;EL611;;;;;11/08/2011;5;4;;;
465;Greece;Voiotia prefecture;EL641;;;;;26/08/2011;5;4;;;
466;Greece;Xanthi prefecture;EL512;;;;;08/08/2012;44;4;;;
467;Greece;Xanthi prefecture;EL512;;;;;07/08/2013;16;8;;;
468;Greece;Xanthi prefecture;EL512;;;;;04/09/2014;3;3;;;
387;Hungary;Bacs-Kiskun;HU331;HU331 - Bács-Kiskun;;;;19/09/2016;3;1;1;2;
248;Hungary;Bacs-Kiskun county;HU331;HU331 - Bács-Kiskun;;;;02/10/2014;1;0;;;
311;Hungary;Bacs-Kiskun county;HU331;HU331 - Bács-Kiskun;;;;31/08/2015;1;1;1;;
68;Hungary;Bács-Kiskun county;HU331;HU331 - Bács-Kiskun;;;;10/02/2013;1;0;;;
159;Hungary;Bács-Kiskun county;HU331;HU331 - Bács-Kiskun;;;;19/09/2013;2;0;;;
381;Hungary;Baranya;HU231;HU231 - Baranya;;;;05/12/2016;1;1;;1;
69;Hungary;Baranya county;HU231;HU231 - Baranya;;;;25/09/2012;1;0;;;
388;Hungary;Bekes;HU332;HU332 - Békés;;;;15/08/2016;1;1;1;;
249;Hungary;Bekes county;HU332;HU332 - Békés;;;;25/09/2014;1;0;;;
70;Hungary;Békés county;HU332;HU332 - Békés;;;;18/10/2012;2;1;;;
160;Hungary;Békés county;HU332;HU332 - Békés;;;;12/09/2013;2;1;;;
382;Hungary;Borsod-Abauj-Zemplen;HU311;HU311 - Borsod-Abaúj-Zemplén;;;;05/09/2016;2;;2;;
472;Hungary;Borsod-Abaúj-Zemplén;HU311;HU311 - Borsod-Abaúj-Zemplén;;;;21/08/2017;1;0;1;;
71;Hungary;Budapest;HU110;HU101 - Budapest;;;;22/11/2012;2;1;;;
161;Hungary;Budapest;HU110;HU101 - Budapest;;;;12/09/2013;6;0;;;
250;Hungary;Budapest;HU110;HU101 - Budapest;;;;19/09/2014;4;0;;;
376;Hungary;Budapest;HU110;HU101 - Budapest;;;;22/08/2016;5;3;5;;
469;Hungary;Budapest;HU110;HU101 - Budapest;;;;30/10/2017;1;0;;1;
312;Hungary;Budapest county;HU110;HU101 - Budapest;;;;07/09/2015;7;5;4;2;
389;Hungary;Csongrad;HU333;HU333 - Csongrád;;;;26/09/2016;4;1;2;2;
251;Hungary;Csongrad county;HU333;HU333 - Csongrád;;;;29/08/2014;2;2;;;
313;Hungary;Csongrad county;HU333;HU333 - Csongrád;;;;28/09/2015;1;1;1;;
72;Hungary;Csongrád county;HU333;HU333 - Csongrád;;;;06/09/2012;2;1;;;
162;Hungary;Csongrád county;HU333;HU333 - Csongrád;;;;12/09/2013;3;0;;;
378;Hungary;Fejer;HU211;HU211 - Fejér;;;;15/08/2016;3;1;3;;
471;Hungary;Fejér;HU211;HU211 - Fejér;;;;28/08/2017;1;1;1;;
163;Hungary;Fejer county;HU211;HU211 - Fejér;;;;28/08/2013;3;1;;;
314;Hungary;Fejer county;HU211;HU211 - Fejér;;;;17/08/2015;5;3;5;;
380;Hungary;Gyor-Moson-Sopron;HU221;HU221 - Gyor-Moson-Sopron;;;;05/09/2016;2;;2;;
384;Hungary;Hajdu-Bihar;HU321;HU321 - Hajdú-Bihar;;;;05/09/2016;4;3;3;;
474;Hungary;Hajdú-Bihar;HU321;HU321 - Hajdú-Bihar;;;;04/09/2017;7;2;5;;
252;Hungary;Hajdu-Bihar county;HU321;HU321 - Hajdú-Bihar;;;;25/09/2014;1;0;;;
315;Hungary;Hajdu-Bihar county;HU321;HU321 - Hajdú-Bihar;;;;07/09/2015;3;2;3;;
16;Hungary;Hajdú-Bihar county;HU321;HU321 - Hajdú-Bihar;;;;12/12/2011;1;1;;;
73;Hungary;Hajdú-Bihar county;HU321;HU321 - Hajdú-Bihar;;;;06/09/2012;2;1;;;
164;Hungary;Hajdú-Bihar county;HU321;HU321 - Hajdú-Bihar;;;;12/09/2013;2;2;;;
383;Hungary;Heves;HU312;HU312 - Heves;;;;19/09/2016;1;1;1;;
473;Hungary;Heves;HU312;HU312 - Heves;;;;28/08/2017;2;1;1;;
74;Hungary;Heves county;HU312;HU312 - Heves;;;;05/10/2012;1;1;;;
165;Hungary;Heves county;HU312;HU312 - Heves;;;;19/09/2013;3;1;;;
385;Hungary;Jasz-Nagykun-Szolnok;HU322;HU322 - Jász-Nagykun-Szolnok;;;;15/08/2016;3;3;3;;
475;Hungary;Jász-Nagykun-Szolnok;HU322;HU322 - Jász-Nagykun-Szolnok;;;;28/09/2017;2;1;2;;
253;Hungary;Jasz-Nagykun-Szolnok county;HU322;HU322 - Jász-Nagykun-Szolnok;;;;19/09/2014;1;1;;;
166;Hungary;Jász-Nagykun-Szolnok county;HU322;HU322 - Jász-Nagykun-Szolnok;;;;12/09/2013;3;1;;;
477;Hungary;Komárom-Esztergom;HU212;HU212 - Komárom-Esztergom;;;;28/08/2017;1;1;1;;
167;Hungary;Komárom-Esztergom county;HU212;HU212 - Komárom-Esztergom;;;;28/08/2013;1;0;;;
75;Hungary;Nógrád county;HU313;HU313 - Nógrád;;;;18/10/2012;1;1;;;
377;Hungary;Pest;HU120;HU102 - Pest;;;;15/08/2016;8;2;7;1;
470;Hungary;Pest;HU120;HU102 - Pest;;;;21/08/2017;4;2;4;;
17;Hungary;Pest county;HU120;HU102 - Pest;;;;01/01/2012;1;1;;;
76;Hungary;Pest county;HU120;HU102 - Pest;;;;25/09/2012;1;0;;;
168;Hungary;Pest county;HU120;HU102 - Pest;;;;13/08/2013;5;0;;;
254;Hungary;Pest county;HU120;HU102 - Pest;;;;19/09/2014;1;0;;;
77;Hungary;Somogy county;HU232;HU232 - Somogy;;;;19/09/2012;1;0;;;
386;Hungary;Szabolcs-Szatmar-Bereg;HU323;HU323 - Szabolcs-Szatmár-Bereg;;;;05/09/2016;5;3;2;3;
476;Hungary;Szabolcs-Szatmár-Bereg;HU323;HU323 - Szabolcs-Szatmár-Bereg;;;;25/09/2017;2;1;1;;
316;Hungary;Szabolcs-Szatmar-Bereg county;HU323;HU323 - Szabolcs-Szatmár-Bereg;;;;28/09/2015;1;1;1;;
18;Hungary;Szabolcs-Szatmár-Bereg county;HU323;HU323 - Szabolcs-Szatmár-Bereg;;;;01/01/2012;1;1;;;
169;Hungary;Szabolcs-Szatmár-Bereg county;HU323;HU323 - Szabolcs-Szatmár-Bereg;;;;30/09/2013;1;0;;;
78;Hungary;Tolna county;HU233;HU233 - Tolna;;;;19/09/2012;1;1;;;
79;Hungary;Vas county;HU222;HU222 - Vas;;;;25/09/2012;1;1;;;
379;Hungary;Veszprem;HU213;HU213 - Veszprém;;;;22/08/2016;2;1;1;;
80;Hungary;Vezprem county;HU213;HU213 - Veszprém;;;;26/09/2012;1;1;;;
494;Italy;Asti;ITC17;ITC17 - Asti;;;;06/11/2017;2;2;2;;
19;Italy;Belluno province;ITH33;ITH33 - Belluno;;;;10/10/2011;1;1;;;
403;Italy;Bologna;ITH55;ITH55 - Bologna;;;;25/07/2016;10;10;9;1;
488;Italy;Bologna;ITH55;ITH55 - Bologna;;;;28/08/2017;5;5;4;1;
170;Italy;Bologna province;ITH55;ITH55 - Bologna;;;;05/09/2013;2;2;;;
255;Italy;Bologna province;ITH55;ITH55 - Bologna;;;;26/08/2014;4;4;;;
317;Italy;Bologna province;ITH55;ITH55 - Bologna;;;;07/09/2015;3;3;1;2;
171;Italy;Brescia province;ITC47;ITC47 - Brescia;;;;10/10/2013;2;2;;;
256;Italy;Brescia province;ITC47;ITC47 - Brescia;;;;16/10/2014;1;1;;;
318;Italy;Como province;ITC42;ITC42 - Como;;;;31/08/2015;1;1;;;1
392;Italy;Cremona;ITC4A;ITC4A - Cremona;;;;22/08/2016;6;6;3;;3
479;Italy;Cremona;ITC4A;ITC4A - Cremona;;;;28/08/2017;5;5;;;5
172;Italy;Cremona province;ITC4A;ITC4A - Cremona;;;;19/09/2013;1;1;;;
257;Italy;Cremona province;ITC4A;ITC4A - Cremona;;;;05/09/2014;3;3;;;
319;Italy;Cremona province;ITC4A;ITC4A - Cremona;;;;27/07/2015;9;9;4;;5
404;Italy;Ferrara;ITH56;ITH56 - Ferrara;;;;08/08/2016;7;7;3;1;3
173;Italy;Ferrara province;ITH56;ITH56 - Ferrara;;;;19/08/2013;6;6;;;
320;Italy;Ferrara province;ITH56;ITH56 - Ferrara;;;;31/08/2015;1;1;1;;
174;Italy;Foggia province;ITF46;ITF46 - Foggia;;;;03/10/2013;1;1;;;
81;Italy;Gorizia province;ITH43;ITH43 - Gorizia;;;;27/09/2012;1;1;;;
493;Italy;Livorno;ITI16;ITI16 - Livorno;;;;18/09/2017;2;2;2;;
391;Italy;Lodi;ITC49;ITC49 - Lodi;;;;21/11/2016;1;1;1;;
478;Italy;Lodi;ITC49;ITC49 - Lodi;;;;18/09/2017;2;2;1;;1
175;Italy;Lodi province;ITC49;ITC49 - Lodi;;;;10/10/2013;1;1;;;
258;Italy;Lodi province;ITC49;ITC49 - Lodi;;;;29/09/2014;2;2;;;
321;Italy;Lodi province;ITC49;ITC49 - Lodi;;;;31/08/2015;4;4;3;1;
393;Italy;Mantova;ITC4B;ITC4B - Mantova;;;;22/08/2016;18;18;9;1;8
480;Italy;Mantova;ITC4B;ITC4B - Mantova;;;;18/09/2017;3;3;;;3
176;Italy;Mantova province;ITC4B;ITC4B - Mantova;;;;04/09/2013;7;7;;;
259;Italy;Mantova province;ITC4B;ITC4B - Mantova;;;;22/09/2014;2;2;;;
322;Italy;Mantova province;ITC4B;ITC4B - Mantova;;;;31/08/2015;4;4;3;;1
82;Italy;Matera province;ITF52;ITF52 - Matera;;;;31/10/2012;1;1;;;
394;Italy;Milano;ITC4C;ITC4C - Milano;;;;19/09/2016;2;2;1;;1
481;Italy;Milano;ITC4C;ITC4C - Milano;;;;28/08/2017;6;6;1;;5
323;Italy;Milano province;ITC4C;ITC4C - Milano;;;;14/09/2015;4;4;4;;
402;Italy;Modena;ITH54;ITH54 - Modena;;;;08/08/2016;7;7;3;2;2
487;Italy;Modena;ITH54;ITH54 - Modena;;;;28/08/2017;3;3;3;;
177;Italy;Modena province;ITH54;ITH54 - Modena;;;;19/08/2013;16;16;;;
260;Italy;Modena province;ITH54;ITH54 - Modena;;;;04/09/2014;2;2;;;
324;Italy;Modena province;ITH54;ITH54 - Modena;;;;31/08/2015;12;12;8;3;1
390;Italy;Novara;ITC15;ITC15 - Novara;;;;26/09/2016;1;1;1;;
20;Italy;Olbia province;ITG29;ITG29 - Olbia-Tempio;;;;18/10/2011;1;1;;;
482;Italy;Oristano;ITG28;ITG28 - Oristano;;;;31/07/2017;5;5;5;;
21;Italy;Oristano province;ITG28;ITG28 - Oristano;;;;06/10/2011;3;3;;;
83;Italy;Oristano province;ITG28;ITG28 - Oristano;;;;19/09/2012;2;2;;;
491;Italy;Padova;ITH36;ITH36 - Padova;;;;28/08/2017;2;2;;;1
84;Italy;Padova province;ITH36;ITH36 - Padova;;;;04/10/2012;1;0;;;
178;Italy;Padova province;ITH36;ITH36 - Padova;;;;12/09/2013;1;1;;;
400;Italy;Parma;ITH52;ITH52 - Parma;;;;05/09/2016;1;1;;;1
179;Italy;Parma province;ITH52;ITH52 - Parma;;;;19/09/2013;3;3;;;
261;Italy;Parma province;ITH52;ITH52 - Parma;;;;09/09/2014;1;1;;;
325;Italy;Parma province;ITH52;ITH52 - Parma;;;;03/08/2015;6;6;4;2;
262;Italy;Pavia province;ITC48;ITC48 - Pavia;;;;28/08/2014;5;5;;;
326;Italy;Pavia province;ITC48;ITC48 - Pavia;;;;31/08/2015;6;6;5;1;
399;Italy;Piacenza;ITH51;ITH51 - Piacenza;;;;05/09/2016;1;1;1;;
263;Italy;Piacenza province;ITH51;ITH51 - Piacenza;;;;02/10/2014;2;2;;;
327;Italy;Piacenza province;ITH51;ITH51 - Piacenza;;;;07/09/2015;1;1;1;;
85;Italy;Pordenone province;ITH41;ITH41 - Pordenone;;;;27/09/2012;2;2;;;
405;Italy;Ravenna;ITH57;ITH57 - Ravenna;;;;19/09/2016;4;4;1;;3
489;Italy;Ravenna;ITH57;ITH57 - Ravenna;;;;28/08/2017;1;1;;;1
401;Italy;Reggio nell'Emilia;ITH53;ITH53 - Reggio nell'Emilia;;;;22/08/2016;4;4;4;;
486;Italy;Reggio nell'Emilia;ITH53;ITH53 - Reggio nell'Emilia;;;;14/08/2017;8;8;3;;2
180;Italy;Reggio nell'Emilia province;ITH53;ITH53 - Reggio nell'Emilia;;;;04/09/2013;5;5;;;
264;Italy;Reggio nell'Emilia province;ITH53;ITH53 - Reggio nell'Emilia;;;;09/09/2014;1;1;;;
328;Italy;Reggio nell'Emilia province;ITH53;ITH53 - Reggio nell'Emilia;;;;03/08/2015;7;7;2;;5
329;Italy;Rimini province;ITH59;ITH59 - Rimini;;;;21/09/2015;1;1;1;;
398;Italy;Rovigo;ITH37;ITH37 - Rovigo;;;;22/08/2016;6;6;2;4;
485;Italy;Rovigo;ITH37;ITH37 - Rovigo;;;;28/08/2017;5;5;3;2;
492;Italy;Rovigo;ITH37;ITH37 - Rovigo;;;;28/08/2017;5;5;2;;
181;Italy;Rovigo province;ITH37;ITH37 - Rovigo;;;;08/08/2013;10;10;;;
330;Italy;Rovigo province;ITH37;ITH37 - Rovigo;;;;21/09/2015;1;1;1;;
331;Italy;Torino province;ITC11;ITC11 - Torino;;;;03/09/2015;1;1;1;;
395;Italy;Trapani;ITG11;ITG11 - Trapani;;;;26/09/2016;1;1;1;;
490;Italy;Treviso;ITH34;ITH34 - Treviso;;;;28/08/2017;2;2;2;;
23;Italy;Treviso province;ITH34;ITH34 - Treviso;;;;09/09/2011;6;6;;;
86;Italy;Treviso province;ITH34;ITH34 - Treviso;;;;31/08/2012;7;6;;;
182;Italy;Treviso province;ITH34;ITH34 - Treviso;;;;26/09/2013;5;5;;;
22;Italy;Udine province;ITH42;ITH42 - Udine;;;;02/11/2011;2;2;;;
87;Italy;Udine province;ITH42;ITH42 - Udine;;;;31/10/2012;1;1;;;
24;Italy;Venezia province;ITH35;ITH35 - Venezia;;;;09/09/2011;1;1;;;
88;Italy;Venezia province;ITH35;ITH35 - Venezia;;;;07/08/2012;33;24;;;
183;Italy;Venezia province;ITH35;ITH35 - Venezia;;;;26/09/2013;2;2;;;
396;Italy;Verona;ITH31;ITH31 - Verona;;;;22/08/2016;5;5;;5;
483;Italy;Verona;ITH31;ITH31 - Verona;;;;02/10/2017;1;1;;1;
184;Italy;Verona province;ITH31;ITH31 - Verona;;;;05/09/2013;7;7;;;
265;Italy;Verona province;ITH31;ITH31 - Verona;;;;10/09/2014;1;1;;;
397;Italy;Vicenza;ITH32;ITH32 - Vicenza;;;;26/09/2016;2;2;;1;1
484;Italy;Vicenza;ITH32;ITH32 - Vicenza;;;;18/07/2017;2;2;;2;
89;Italy;Vicenza province;ITH32;ITH32 - Vicenza;;;;07/09/2012;2;2;;;
332;Portugal;Algarve municipality;PT150;PT150 - Algarve;;;;31/08/2015;1;1;1;;
333;Romania;Arges district;RO311;RO311 - Arges;;;;28/09/2015;1;1;1;;
410;Romania;Bacau;RO211;RO211 - Bacau;;;;05/09/2016;7;7;7;;
497;Romania;Bac?u;RO211;RO211 - Bacau;;;;18/09/2017;1;1;1;;
185;Romania;Bacau county;RO211;RO211 - Bacau;;;;07/10/2013;2;1;;;
334;Romania;Bihor district;RO111;RO111 - Bihor;;;;01/10/2015;1;0;1;;
406;Romania;Bistrita-Nasaud;RO112;RO112 - Bistrita-Nasaud;;;;17/10/2016;1;1;1;;
413;Romania;Braila;RO221;RO221 - Braila;;;;25/07/2016;17;17;17;;
500;Romania;Br?ila;RO221;RO221 - Braila;;;;07/08/2017;5;5;5;;
90;Romania;Braila county;RO221;RO221 - Braila;;;;23/08/2012;2;2;;;
186;Romania;Braila county;RO221;RO221 - Braila;;;;26/08/2013;4;4;;;
266;Romania;Braila district;RO221;RO221 - Braila;;;;29/09/2014;1;1;;;
335;Romania;Braila district;RO221;RO221 - Braila;;;;28/10/2015;1;0;1;;
422;Romania;Bucuresti;RO321;RO321 - Bucuresti;;;;15/08/2016;18;17;18;;
509;Romania;Bucure?ti;RO321;RO321 - Bucuresti;;;;28/08/2017;17;16;17;;
267;Romania;Bucuresti district;RO321;RO321 - Bucuresti;;;;11/09/2014;1;1;;;
336;Romania;Bucuresti district;RO321;RO321 - Bucuresti;;;;31/08/2015;5;5;5;;
25;Romania;Bucuresti municipality;RO321;RO321 - Bucuresti;;;;01/09/2011;6;6;;;
91;Romania;Bucuresti municipality;RO321;RO321 - Bucuresti;;;;23/08/2012;6;6;;;
187;Romania;Bucuresti municipality;RO321;RO321 - Bucuresti;;;;13/09/2013;2;2;;;
501;Romania;Buz?u;RO222;RO222 - Buzau;;;;28/08/2017;2;2;2;;
337;Romania;Buzau district;RO222;RO222 - Buzau;;;;21/09/2015;2;2;2;;
417;Romania;Calarasi;RO312;RO312 - Calarasi;;;;10/10/2016;1;1;1;;
504;Romania;C?l?ra?i;RO312;RO312 - Calarasi;;;;25/09/2017;2;1;2;;
407;Romania;Cluj;RO113;RO113 - Cluj;;;;03/10/2016;1;1;1;;
338;Romania;Cluj district;RO113;RO113 - Cluj;;;;16/11/2015;1;1;1;;
414;Romania;Constanta;RO223;RO223 - Constanta;;;;19/09/2016;3;2;3;;
502;Romania;Constan?a;RO223;RO223 - Constanta;;;;28/08/2017;3;3;3;;
26;Romania;Constanta county;RO223;RO223 - Constanta;;;;17/08/2011;2;2;;;
188;Romania;Constanta county;RO223;RO223 - Constanta;;;;02/09/2013;2;2;;;
268;Romania;Constanta district;RO223;RO223 - Constanta;;;;27/08/2014;1;1;;;
339;Romania;Constanta district;RO223;RO223 - Constanta;;;;19/08/2015;2;0;2;;
269;Romania;Dambovita district;RO313;RO313 - Dâmbovita;;;;11/09/2014;1;1;;;
424;Romania;Dolj;RO411;RO411 - Dolj;;;;25/07/2016;3;3;3;;
270;Romania;Dolj district;RO411;RO411 - Dolj;;;;11/09/2014;3;3;;;
340;Romania;Dolj district;RO411;RO411 - Dolj;;;;27/07/2015;2;2;2;;
415;Romania;Galati;RO224;RO224 - Galati;;;;15/08/2016;8;8;8;;
503;Romania;Gala?i;RO224;RO224 - Galati;;;;21/08/2017;1;1;1;;
27;Romania;Galati county;RO224;RO224 - Galati;;;;21/07/2011;1;1;;;
189;Romania;Galati county;RO224;RO224 - Galati;;;;13/08/2013;2;2;;;
271;Romania;Galati district;RO224;RO224 - Galati;;;;11/09/2014;1;1;;;
418;Romania;Giurgiu;RO314;RO314 - Giurgiu;;;;22/08/2016;4;4;4;;
505;Romania;Giurgiu;RO314;RO314 - Giurgiu;;;;14/08/2017;9;9;9;;
92;Romania;Giurgiu county;RO314;RO314 - Giurgiu;;;;29/08/2012;2;2;;;
272;Romania;Giurgiu district;RO314;RO314 - Giurgiu;;;;11/09/2014;1;1;;;
341;Romania;Giurgiu district;RO314;RO314 - Giurgiu;;;;28/09/2015;1;1;1;;
513;Romania;Hunedoara;RO423;RO423 - Hunedoara;;;;04/09/2017;1;1;1;;
419;Romania;Ialomita;RO315;RO315 - Ialomita;;;;01/08/2016;5;5;5;;
506;Romania;Ialomi?a;RO315;RO315 - Ialomita;;;;28/08/2017;1;1;1;;
93;Romania;Ialomita county;RO315;RO315 - Ialomita;;;;29/08/2012;1;1;;;
190;Romania;Ialomita county;RO315;RO315 - Ialomita;;;;26/08/2013;3;3;;;
273;Romania;Ialomita district;RO315;RO315 - Ialomita;;;;04/09/2014;1;1;;;
342;Romania;Ialomita district;RO315;RO315 - Ialomita;;;;07/09/2015;4;4;4;;
411;Romania;Iasi;RO213;RO213 - Iasi;;;;22/08/2016;5;2;5;;
498;Romania;Ia?i;RO213;RO213 - Iasi;;;;09/10/2017;1;1;1;;
514;Romania;Ia?i;RO213;RO213 - Iasi;;;;09/10/2017;1;1;3;;
28;Romania;Iasi county;RO213;RO213 - Iasi;;;;06/10/2011;1;1;;;
94;Romania;Iasi county;RO213;RO213 - Iasi;;;;05/09/2012;1;1;;;
191;Romania;Iasi county;RO213;RO213 - Iasi;;;;26/08/2013;2;2;;;
274;Romania;Iasi district;RO213;RO213 - Iasi;;;;29/09/2014;1;1;;;
343;Romania;Iasi district;RO213;RO213 - Iasi;;;;25/09/2015;3;0;3;;
423;Romania;Ilfov;RO322;RO322 - Ilfov;;;;08/08/2016;6;6;6;;
510;Romania;Ilfov;RO322;RO322 - Ilfov;;;;28/08/2017;5;5;5;;
95;Romania;Ilfov county;RO322;RO322 - Ilfov;;;;20/08/2012;2;1;;;
344;Romania;Ilfov district;RO322;RO322 - Ilfov;;;;21/09/2015;2;1;2;;
192;Romania;Ilof county;RO322;RO322 - Ilfov;;;;25/09/2013;1;1;;;
425;Romania;Mehedinti;RO413;RO413 - Mehedinti;;;;05/09/2016;1;;1;;
345;Romania;Mehedinti district;RO413;RO413 - Mehedinti;;;;14/09/2015;4;1;4;;
409;Romania;Mures;RO125;RO125 - Mures;;;;22/08/2016;1;1;1;;
495;Romania;Mure?;RO125;RO125 - Mures;;;;16/10/2017;2;2;2;;
193;Romania;Mures county;RO125;RO125 - Mures;;;;25/09/2013;1;1;;;
275;Romania;Mures district;RO125;RO125 - Mures;;;;29/08/2014;2;1;;;
412;Romania;Neamt;RO214;RO214 - Neamt;;;;17/10/2016;1;1;1;;
499;Romania;Neam?;RO214;RO214 - Neamt;;;;23/10/2017;1;1;1;;
426;Romania;Olt;RO414;RO414 - Olt;;;;01/08/2016;3;3;3;;
511;Romania;Olt;RO414;RO414 - Olt;;;;14/08/2017;2;2;2;;
276;Romania;Olt district;RO414;RO414 - Olt;;;;27/08/2014;6;6;;;
420;Romania;Prahova;RO316;RO316 - Prahova;;;;15/08/2016;3;2;3;;
507;Romania;Prahova;RO316;RO316 - Prahova;;;;18/09/2017;1;1;1;;
408;Romania;Satu Mare;RO115;RO115 - Satu Mare;;;;17/10/2016;1;1;1;;
496;Romania;Sibiu;RO126;RO126 - Sibiu;;;;14/08/2017;1;1;1;;
194;Romania;Sibiu county;RO126;RO126 - Sibiu;;;;18/10/2013;2;2;;;
277;Romania;Sibiu district;RO126;RO126 - Sibiu;;;;19/09/2014;1;1;;;
346;Romania;Sibiu district;RO126;RO126 - Sibiu;;;;17/08/2015;3;1;3;;
421;Romania;Teleorman;RO317;RO317 - Teleorman;;;;05/09/2016;1;1;1;;
508;Romania;Teleorman;RO317;RO317 - Teleorman;;;;04/09/2017;4;4;4;;
278;Romania;Teleorman district;RO317;RO317 - Teleorman;;;;11/09/2014;2;2;;;
416;Romania;Tulcea;RO225;RO225 - Tulcea;;;;05/09/2016;2;1;2;;
29;Romania;Tulcea county;RO225;RO225 - Tulcea;;;;27/07/2011;1;1;;;
195;Romania;Tulcea county;RO225;RO225 - Tulcea;;;;02/09/2013;3;2;;;
427;Romania;Valcea;RO415;RO415 - Vâlcea;;;;05/09/2016;1;1;1;;
279;Romania;Valcea district;RO415;RO415 - Vâlcea;;;;29/09/2014;1;1;;;
512;Romania;Vrancea;RO226;RO226 - Vrancea;;;;21/08/2017;4;4;4;;
219;Serbia;Branicevski district;RS222;;2;1;Brani?evski;21/08/2013;3;3;;;
129;Serbia;Grad Beograd;RS110;;2;1;Grad Beograd;17/08/2012;50;30;;;
220;Serbia;Grad Beograd;RS110;;2;1;Grad Beograd;26/07/2013;171;124;;;
296;Serbia;Grad Beograd;RS110;;2;1;Grad Beograd;17/07/2014;35;25;;;
362;Serbia;Grad Beograd;RS110;;2;1;Grad Beograd;14/09/2015;15;15;;;
520;Serbia ;Grad Beograd;RS110;;2;1;Grad Beograd;07/08/2017;34;31;;;
444;Serbia ;Grad Beograd;RS110;;2;1;Grad Beograd;08/08/2016;23;23;;;
221;Serbia;Jablanicki district;RS224;;2;1;Jablani?ki;27/08/2013;1;1;;;
521;Serbia ;Juzno-backi;RS123;;2;1;Južno-Ba?ki;11/09/2017;2;1;;;
445;Serbia ;Juzno-backi;RS123;;2;1;Južno-Ba?ki;12/09/2016;4;4;;;
222;Serbia;Juzno-backi district;RS123;;2;1;Južno-Ba?ki;05/08/2013;20;5;;;
297;Serbia;Juzno-backi district;RS123;;2;1;Južno-Ba?ki;17/07/2014;5;3;;;
363;Serbia;Juzno-backi district;RS123;;2;1;Južno-Ba?ki;05/10/2015;2;2;;;
522;Serbia ;Juzno-banatski;RS122;;2;1;Južno-Banatski;14/08/2017;5;5;;;
446;Serbia ;Juzno-banatski;RS122;;2;1;Južno-Banatski;01/08/2016;6;6;;;
130;Serbia;Juzno-Banatski district;RS122;;2;1;Južno-Banatski;17/08/2012;10;5;;;
223;Serbia;Juzno-banatski district;RS122;;2;1;Južno-Banatski;05/08/2013;48;32;;;
298;Serbia;Juzno-banatski district;RS122;;2;1;Južno-Banatski;29/08/2014;19;16;;;
364;Serbia;Juzno-banatski district;RS122;;2;1;Južno-Banatski;10/08/2015;7;7;;;
224;Serbia;Kolubarski district;RS212;;2;1;Kolubarski;05/08/2013;10;7;;;
299;Serbia;Kolubarski district;RS212;;2;1;Kolubarski;22/08/2014;4;3;;;
365;Serbia;Kolubarski district;RS212;;2;1;Kolubarski;02/11/2015;1;1;;;
447;Serbia ;Macvanski;RS213;;2;1;Ma?vanski;01/08/2016;1;1;;;
225;Serbia;Macvanski district;RS213;;2;1;Ma?vanski;14/08/2013;6;2;;;
366;Serbia;Macvanski district;RS213;;2;1;Ma?vanski;02/11/2015;1;1;;;
226;Serbia;Moravicki district;RS213;;2;1;Ma?vanski;11/09/2013;2;1;;;
134;Serbia;N/A;NA;;NA;NA;NA;07/09/2012;1;1;;;
300;Serbia;Nisavski district;RS225;;2;1;Nišavski;17/07/2014;1;0;;;
367;Serbia;Pcinjski district;RS228;;2;1;P?injski;05/10/2015;1;1;;;
523;Serbia ;Podunavski;RS227;;2;1;Podunavski;04/09/2017;6;6;;;
448;Serbia ;Podunavski;RS227;;2;1;Podunavski;22/08/2016;5;5;;;
227;Serbia;Podunavski district;RS227;;2;1;Podunavski;07/08/2013;15;12;;;
301;Serbia;Podunavski district;RS227;;2;1;Podunavski;29/08/2014;4;3;;;
228;Serbia;Pomoravski district;RS227;;2;1;Pomoravski;23/10/2013;1;0;;;
229;Serbia;Rasinski district;RS216;;2;1;Rasinski;23/10/2013;1;0;;;
302;Serbia;Raski district;RS217;;2;1;Raški;10/09/2014;1;0;;;
524;Serbia ;Severno-backi;RS125;;2;1;Severno-Ba?ki;28/08/2017;1;1;;;
230;Serbia;Severno-backi district;RS125;;2;1;Severno-Ba?ki;11/09/2013;3;2;;;
231;Serbia;Severno-banatski district;RS124;;2;1;Severno-Banatski;09/09/2013;1;0;;;
449;Serbia ;Srednje-banatski;RS124;;2;1;Severno-Banatski;10/10/2016;1;1;;;
232;Serbia;Srednje-banatski district;RS124;;2;1;Severno-Banatski;27/08/2013;6;3;;;
450;Serbia ;Sremski;RS127;;2;1;Sremski;12/09/2016;1;1;;;
131;Serbia;Sremski district;RS127;;2;1;Sremski;07/09/2012;6;3;;;
233;Serbia;Sremski district;RS127;;2;1;Sremski;05/08/2013;11;7;;;
303;Serbia;Sremski district;RS127;;2;1;Sremski;22/08/2014;6;5;;;
368;Serbia;Sremski district;RS127;;2;1;Sremski;05/10/2015;1;1;;;
132;Serbia;Sumadijski district;RS218;;2;1;Šumadijski;18/10/2012;1;1;;;
304;Serbia;Sumadijski district;RS218;;2;1;Šumadijski;02/10/2014;1;1;;;
234;Serbia;Šumadijski district;RS218;;2;1;Šumadijski;23/10/2013;1;1;;;
525;Serbia ;Zapadno-backi;RS121;;2;1;Zapadno-Ba?ki;02/10/2017;1;1;;;
133;Serbia;Zapadno-Backi district;RS121;;2;1;Zapadno-Ba?ki;18/10/2012;1;1;;;
235;Serbia;Zapadno-backi district;RS211;;2;1;Zlatiborski;17/09/2013;1;0;;;
236;Serbia;Zlatiborski district;RS211;;2;1;Zlatiborski;25/09/2013;1;0;;;
196;Slovenia;Spodnjeposavska;NA;;2;1;Spodnjeposavska;20/08/2013;1;1;;;
428;Spain;Sevilla;ES618;;;;;15/08/2017;3;3;2;1;
199;The Former Yugoslav Republic of Macedonia;Istocen;MK002;;;;;24/07/2013;1;N/A;;;
373;;Sofia (stolitsa);BG411;;;;;17/10/2016;1;1;;1;
109;Kosovo*;Kosovski region (Pristina);NA;;;;;20/09/2012;2;0;;;
110;Kosovo*;Kosovsko-Pomoravski region;NA;;;;;27/09/2012;1;0;;;
111;Kosovo*;Prizremski region;NA;;;;;27/09/2012;1;0;;;
112;Montenegro;Podgorica or Ulcinj region;NA;;1;1;Podgorica;13/11/2012;1;0;;;
204;Montenegro;Cetinje region;NA;;1;1;Cetinje;19/09/2013;1;0;;;
205;Montenegro;Podgorica or Bar region;NA;;1;1;Podgorica;21/08/2013;1;0;;;
206;Montenegro;Podgorica ;NA;;1;1;Podgorica;19/09/2013;2;0;;;
30;Albania;Lezhe prefecture;AL014;NA;3;1;Lezhë;12/08/2011;2;-;;;
197;Bosnia and Herzegovina;Modrica canton;NA;NA;3;2;Modri?a;07/10/2013;1;1;;;
198;Bosnia and Herzegovina;Tuzlansko-podrinjski canton;NA;NA;3;2;Tuzla;10/09/2013;2;2;;;
280;Bosnia and Herzegovina;Republika Srpska;NA;NA;3;1;Repuplika Srpska;13/06/2014;13;0;;;
45;Turkey;Antalya province;TR611;;;;;12/09/2011;1;-;;;
46;Turkey;Mugla province;TR323;;;;;12/09/2011;1;-;;;
47;Turkey;Sakarya province;TR422;;;;;12/09/2011;1;-;;;
453;Turkey;Izmir;TR310;;;;;28/11/2016;1;1;;;
526;Turkey;Adana;TR621;;;;;16/10/2017;2;2;;;
527;Turkey;Sanliurfa;TRC21;;;;;16/10/2017;2;2;;;
528;Turkey;Hatay;TR631;;;;;16/10/2017;1;1;;;
529;Turkey;Istanbul;TR100;;;;;20/11/2017;1;1;;;
454;Turkey;Manisa;TR331;;;;;28/11/2016;1;1;;;
530;Turkey;Icel;TR622;;;;;20/11/2017;1;1;;;
